code,term,id
8093711000001103,glimepiride 2mg tablets (alliance healthcare (distribution) ltd),8093711000001103
10155111000001101,glimepiride 2mg tablets (actavis uk ltd),10155111000001101
10274011000001101,glimepiride 2mg tablets (a a h pharmaceuticals ltd),10274011000001101
10445311000001101,glimepiride 2mg tablets (niche generics ltd),10445311000001101
10517911000001105,glimepiride 2mg tablets (zentiva),10517911000001105
10617511000001108,glimepiride 2mg tablets (somex pharma),10617511000001108
10689011000001106,glimepiride 2mg tablets (pliva pharma ltd),10689011000001106
11018911000001102,glimepiride 2mg tablets (dr reddy's laboratories (uk) ltd),11018911000001102
11149411000001103,glimepiride 2mg tablets (teva uk ltd),11149411000001103
11343211000001108,glimepiride 2mg tablets (sandoz ltd),11343211000001108
12147311000001101,glimepiride 2mg tablets (kent pharmaceuticals ltd),12147311000001101
13720511000001107,glimepiride 2mg tablets (ranbaxy (uk) ltd),13720511000001107
14122311000001108,glimepiride 2mg tablets (consilient health ltd),14122311000001108
15091211000001102,glimepiride 2mg tablets (sigma pharmaceuticals plc),15091211000001102
16053711000001101,glimepiride 2mg tablets (bristol laboratories ltd),16053711000001101
17916711000001106,glimepiride 2mg tablets (phoenix healthcare distribution ltd),17916711000001106
20166811000001106,glimepiride 2mg tablets (accord healthcare ltd),20166811000001106
22027411000001104,glimepiride 2mg tablets (waymade healthcare plc),22027411000001104
24106511000001109,glimepiride 2mg tablets (de pharmaceuticals),24106511000001109
30137811000001100,glimepiride 2mg tablets (mawdsley-brooks & company ltd),30137811000001100
32493611000001106,glimepiride 2mg tablets (brown & burk uk ltd),32493611000001106
10154911000001102,glimepiride 1mg tablets (actavis uk ltd),10154911000001102
10272611000001100,glimepiride 1mg tablets (alliance healthcare (distribution) ltd),10272611000001100
10273811000001109,glimepiride 1mg tablets (a a h pharmaceuticals ltd),10273811000001109
10445111000001103,glimepiride 1mg tablets (niche generics ltd),10445111000001103
10517711000001108,glimepiride 1mg tablets (zentiva),10517711000001108
10617311000001102,glimepiride 1mg tablets (somex pharma),10617311000001102
10688811000001107,glimepiride 1mg tablets (pliva pharma ltd),10688811000001107
11019211000001101,glimepiride 1mg tablets (dr reddy's laboratories (uk) ltd),11019211000001101
11149211000001102,glimepiride 1mg tablets (teva uk ltd),11149211000001102
11342811000001101,glimepiride 1mg tablets (sandoz ltd),11342811000001101
12147111000001103,glimepiride 1mg tablets (kent pharmaceuticals ltd),12147111000001103
14122111000001106,glimepiride 1mg tablets (consilient health ltd),14122111000001106
15091011000001107,glimepiride 1mg tablets (sigma pharmaceuticals plc),15091011000001107
16053511000001106,glimepiride 1mg tablets (bristol laboratories ltd),16053511000001106
17916311000001107,glimepiride 1mg tablets (phoenix healthcare distribution ltd),17916311000001107
18462411000001106,glimepiride 1mg tablets (accord healthcare ltd),18462411000001106
22027111000001109,glimepiride 1mg tablets (waymade healthcare plc),22027111000001109
24106311000001103,glimepiride 1mg tablets (de pharmaceuticals),24106311000001103
32493411000001108,glimepiride 1mg tablets (brown & burk uk ltd),32493411000001108
37069611000001104,glimepiride 1mg tablets (mawdsley-brooks & company ltd),37069611000001104
8093911000001101,glimepiride 3mg tablets (alliance healthcare (distribution) ltd),8093911000001101
10155311000001104,glimepiride 3mg tablets (actavis uk ltd),10155311000001104
10274311000001103,glimepiride 3mg tablets (a a h pharmaceuticals ltd),10274311000001103
10445511000001107,glimepiride 3mg tablets (niche generics ltd),10445511000001107
10518111000001108,glimepiride 3mg tablets (zentiva),10518111000001108
10617811000001106,glimepiride 3mg tablets (somex pharma),10617811000001106
10689211000001101,glimepiride 3mg tablets (pliva pharma ltd),10689211000001101
11018611000001108,glimepiride 3mg tablets (dr reddy's laboratories (uk) ltd),11018611000001108
11149611000001100,glimepiride 3mg tablets (teva uk ltd),11149611000001100
11343511000001106,glimepiride 3mg tablets (sandoz ltd),11343511000001106
12147511000001107,glimepiride 3mg tablets (kent pharmaceuticals ltd),12147511000001107
13720911000001100,glimepiride 3mg tablets (ranbaxy (uk) ltd),13720911000001100
14122511000001102,glimepiride 3mg tablets (consilient health ltd),14122511000001102
15091411000001103,glimepiride 3mg tablets (sigma pharmaceuticals plc),15091411000001103
16053911000001104,glimepiride 3mg tablets (bristol laboratories ltd),16053911000001104
17917111000001108,glimepiride 3mg tablets (phoenix healthcare distribution ltd),17917111000001108
18462611000001109,glimepiride 3mg tablets (accord healthcare ltd),18462611000001109
22027911000001107,glimepiride 3mg tablets (waymade healthcare plc),22027911000001107
24106711000001104,glimepiride 3mg tablets (de pharmaceuticals),24106711000001104
30138311000001105,glimepiride 3mg tablets (mawdsley-brooks & company ltd),30138311000001105
32493811000001105,glimepiride 3mg tablets (brown & burk uk ltd),32493811000001105
10155511000001105,glimepiride 4mg tablets (actavis uk ltd),10155511000001105
10272911000001106,glimepiride 4mg tablets (alliance healthcare (distribution) ltd),10272911000001106
10274511000001109,glimepiride 4mg tablets (a a h pharmaceuticals ltd),10274511000001109
10437311000001105,glimepiride 4mg tablets (niche generics ltd),10437311000001105
10518311000001105,glimepiride 4mg tablets (zentiva),10518311000001105
10618111000001103,glimepiride 4mg tablets (somex pharma),10618111000001103
11018411000001105,glimepiride 4mg tablets (dr reddy's laboratories (uk) ltd),11018411000001105
11149811000001101,glimepiride 4mg tablets (teva uk ltd),11149811000001101
11344011000001101,glimepiride 4mg tablets (sandoz ltd),11344011000001101
12147711000001102,glimepiride 4mg tablets (kent pharmaceuticals ltd),12147711000001102
13721211000001103,glimepiride 4mg tablets (ranbaxy (uk) ltd),13721211000001103
14122711000001107,glimepiride 4mg tablets (consilient health ltd),14122711000001107
15091611000001100,glimepiride 4mg tablets (sigma pharmaceuticals plc),15091611000001100
16054111000001100,glimepiride 4mg tablets (bristol laboratories ltd),16054111000001100
17917511000001104,glimepiride 4mg tablets (phoenix healthcare distribution ltd),17917511000001104
18462811000001108,glimepiride 4mg tablets (accord healthcare ltd),18462811000001108
22028211000001104,glimepiride 4mg tablets (waymade healthcare plc),22028211000001104
24106911000001102,glimepiride 4mg tablets (de pharmaceuticals),24106911000001102
30138511000001104,glimepiride 4mg tablets (mawdsley-brooks & company ltd),30138511000001104
32494011000001102,glimepiride 4mg tablets (brown & burk uk ltd),32494011000001102
16125411000001100,glimepiride 2mg/5ml oral solution (special order),16125411000001100
16125711000001106,glimepiride 2mg/5ml oral suspension (special order),16125711000001106
21324011000001103,glimepiride 6mg/5ml oral suspension (special order),21324011000001103
938211000001105,amaryl 2mg tablets (zentiva),938211000001105
228111000001101,amaryl 1mg tablets (zentiva),228111000001101
164511000001108,amaryl 3mg tablets (zentiva),164511000001108
259611000001101,amaryl 4mg tablets (zentiva),259611000001101
13626011000001107,niddaryl 1mg tablets (dee pharmaceuticals ltd),13626011000001107
13626511000001104,niddaryl 2mg tablets (dee pharmaceuticals ltd),13626511000001104
13626911000001106,niddaryl 3mg tablets (dee pharmaceuticals ltd),13626911000001106
13627211000001100,niddaryl 4mg tablets (dee pharmaceuticals ltd),13627211000001100
3949611000001107,chlorpropamide 100mg tablets (the boots company plc),3949611000001107
27692911000001108,chlorpropamide 100mg tablets (special order),27692911000001108
3950411000001101,chlorpropamide 250mg tablets (the boots company plc),3950411000001101
11982811000001104,chlorpropamide 250mg/5ml oral suspension (special order),11982811000001104
107311000001107,glibenclamide 2.5mg tablets (kent pharmaceuticals ltd),107311000001107
386011000001102,glibenclamide 2.5mg tablets (mylan),386011000001102
648011000001102,glibenclamide 2.5mg tablets (a a h pharmaceuticals ltd),648011000001102
656211000001109,glibenclamide 2.5mg tablets (alliance healthcare (distribution) ltd),656211000001109
700011000001100,glibenclamide 2.5mg tablets (actavis uk ltd),700011000001100
894411000001104,glibenclamide 2.5mg tablets (wockhardt uk ltd),894411000001104
918011000001106,glibenclamide 2.5mg tablets (teva uk ltd),918011000001106
923911000001109,glibenclamide 2.5mg tablets (ivax pharmaceuticals uk ltd),923911000001109
10377311000001104,glibenclamide 2.5mg tablets (arrow generics ltd),10377311000001104
17914711000001102,glibenclamide 2.5mg tablets (phoenix healthcare distribution ltd),17914711000001102
17972811000001108,glibenclamide 2.5mg tablets (almus pharmaceuticals ltd),17972811000001108
22026011000001105,glibenclamide 2.5mg tablets (waymade healthcare plc),22026011000001105
23943211000001106,glibenclamide 2.5mg tablets (de pharmaceuticals),23943211000001106
29869311000001101,glibenclamide 2.5mg tablets (sigma pharmaceuticals plc),29869311000001101
30134511000001106,glibenclamide 2.5mg tablets (mawdsley-brooks & company ltd),30134511000001106
120811000001108,glibenclamide 5mg tablets (wockhardt uk ltd),120811000001108
535811000001108,glibenclamide 5mg tablets (teva uk ltd),535811000001108
695711000001101,glibenclamide 5mg tablets (actavis uk ltd),695711000001101
718311000001102,glibenclamide 5mg tablets (alliance healthcare (distribution) ltd),718311000001102
745211000001107,glibenclamide 5mg tablets (a a h pharmaceuticals ltd),745211000001107
822911000001107,glibenclamide 5mg tablets (kent pharmaceuticals ltd),822911000001107
887211000001106,glibenclamide 5mg tablets (mylan),887211000001106
903011000001101,glibenclamide 5mg tablets (ivax pharmaceuticals uk ltd),903011000001101
10377711000001100,glibenclamide 5mg tablets (arrow generics ltd),10377711000001100
17915111000001104,glibenclamide 5mg tablets (phoenix healthcare distribution ltd),17915111000001104
17973211000001101,glibenclamide 5mg tablets (almus pharmaceuticals ltd),17973211000001101
22026311000001108,glibenclamide 5mg tablets (waymade healthcare plc),22026311000001108
23943411000001105,glibenclamide 5mg tablets (de pharmaceuticals),23943411000001105
29869511000001107,glibenclamide 5mg tablets (sigma pharmaceuticals plc),29869511000001107
30134711000001101,glibenclamide 5mg tablets (mawdsley-brooks & company ltd),30134711000001101
12107211000001104,glibenclamide 625micrograms/5ml oral suspension (special order),12107211000001104
12107511000001101,glibenclamide 625micrograms/5ml oral solution (special order),12107511000001101
8494911000001105,glibenclamide 5mg/5ml oral solution (special order),8494911000001105
8495611000001103,glibenclamide 5mg/5ml oral suspension (special order),8495611000001103
12108411000001101,glibenclamide 2.5mg/5ml oral suspension (special order),12108411000001101
12108711000001107,glibenclamide 2.5mg/5ml oral solution (special order),12108711000001107
12107811000001103,glibenclamide 15mg/5ml oral suspension (special order),12107811000001103
12108111000001106,glibenclamide 15mg/5ml oral solution (special order),12108111000001106
8495311000001108,glibenclamide 7.5mg/5ml oral solution (special order),8495311000001108
8495911000001109,glibenclamide 7.5mg/5ml oral suspension (special order),8495911000001109
234011000001108,daonil 5mg tablets (sanofi),234011000001108
140711000001103,semi-daonil 2.5mg tablets (sanofi),140711000001103
233411000001102,euglucon 2.5mg tablets (aventis pharma),233411000001102
322511000001103,euglucon 5mg tablets (sanofi),322511000001103
13511000001103,diabetamide 2.5mg tablets (ashbourne pharmaceuticals ltd),13511000001103
287811000001101,diabetamide 5mg tablets (ashbourne pharmaceuticals ltd),287811000001101
37337011000001106,amglidia 0.6mg/ml oral suspension with 1ml oral syringe (amring pharmaceuticals ltd),37337011000001106
37337211000001101,amglidia 0.6mg/ml oral suspension with 5ml oral syringe (amring pharmaceuticals ltd),37337211000001101
37337511000001103,amglidia 6mg/ml oral suspension with 1ml oral syringe (amring pharmaceuticals ltd),37337511000001103
37337711000001108,amglidia 6mg/ml oral suspension with 5ml oral syringe (amring pharmaceuticals ltd),37337711000001108
11411000001101,gliclazide 80mg tablets (kent pharmaceuticals ltd),11411000001101
184711000001100,gliclazide 80mg tablets (sterwin medicines),184711000001100
378911000001109,gliclazide 80mg tablets (a a h pharmaceuticals ltd),378911000001109
498911000001107,gliclazide 80mg tablets (actavis uk ltd),498911000001107
533211000001108,gliclazide 80mg tablets (mylan),533211000001108
551111000001104,gliclazide 80mg tablets (alliance healthcare (distribution) ltd),551111000001104
622811000001108,gliclazide 80mg tablets (wockhardt uk ltd),622811000001108
860011000001104,gliclazide 80mg tablets (ivax pharmaceuticals uk ltd),860011000001104
892811000001108,gliclazide 80mg tablets (teva uk ltd),892811000001108
925311000001109,gliclazide 80mg tablets (genus pharmaceuticals ltd),925311000001109
929811000001102,gliclazide 80mg tablets (sandoz ltd),929811000001102
9752811000001105,gliclazide 80mg tablets (milpharm ltd),9752811000001105
9801911000001102,gliclazide 80mg tablets (almus pharmaceuticals ltd),9801911000001102
10378111000001100,gliclazide 80mg tablets (arrow generics ltd),10378111000001100
11406411000001102,gliclazide 80mg tablets (pliva pharma ltd),11406411000001102
11492211000001104,gliclazide 80mg tablets (zentiva),11492211000001104
16053211000001108,gliclazide 80mg tablets (bristol laboratories ltd),16053211000001108
17199311000001101,gliclazide 80mg tablets (sovereign medical ltd),17199311000001101
17915611000001107,gliclazide 80mg tablets (phoenix healthcare distribution ltd),17915611000001107
18462111000001101,gliclazide 80mg tablets (accord healthcare ltd),18462111000001101
21409211000001109,gliclazide 80mg tablets (medreich plc),21409211000001109
22026711000001107,gliclazide 80mg tablets (waymade healthcare plc),22026711000001107
23943611000001108,gliclazide 80mg tablets (de pharmaceuticals),23943611000001108
29869711000001102,gliclazide 80mg tablets (sigma pharmaceuticals plc),29869711000001102
30134911000001104,gliclazide 80mg tablets (mawdsley-brooks & company ltd),30134911000001104
32413911000001101,gliclazide 80mg tablets (genesis pharmaceuticals ltd),32413911000001101
36925911000001109,gliclazide 80mg tablets (relonchem ltd),36925911000001109
12110211000001101,gliclazide 60mg/5ml oral suspension (special order),12110211000001101
12109911000001101,gliclazide 50mg/5ml oral suspension (special order),12109911000001101
12109311000001102,gliclazide 120mg/5ml oral suspension (special order),12109311000001102
8496611000001108,gliclazide 160mg/5ml oral suspension (special order),8496611000001108
12109011000001100,gliclazide 100mg/5ml oral suspension (special order),12109011000001100
13549911000001105,gliclazide 30mg modified-release tablets (kent pharmaceuticals ltd),13549911000001105
12109611000001107,gliclazide 20mg/5ml oral suspension (special order),12109611000001107
13462811000001109,gliclazide 30mg/5ml oral suspension (special order),13462811000001109
17880511000001107,gliclazide 40mg tablets (a a h pharmaceuticals ltd),17880511000001107
22026511000001102,gliclazide 40mg tablets (waymade healthcare plc),22026511000001102
32498311000001109,gliclazide 40mg tablets (accord healthcare ltd),32498311000001109
33428211000001102,gliclazide 40mg tablets (alliance healthcare (distribution) ltd),33428211000001102
34823611000001100,gliclazide 40mg tablets (teva uk ltd),34823611000001100
34956911000001107,gliclazide 40mg tablets (almus pharmaceuticals ltd),34956911000001107
35316811000001107,gliclazide 40mg tablets (northstar healthcare unlimited company),35316811000001107
36739111000001104,gliclazide 40mg tablets (flamingo pharma (uk) ltd),36739111000001104
37387311000001101,gliclazide 40mg tablets (de pharmaceuticals),37387311000001101
8496711000001104,gliclazide 80mg/5ml oral suspension (drug tariff special order),8496711000001104
8497111000001102,gliclazide 40mg/5ml oral suspension (drug tariff special order),8497111000001102
745911000001103,diamicron 80mg tablets (servier laboratories ltd),745911000001103
3661311000001107,diamicron 30mg mr tablets (servier laboratories ltd),3661311000001107
49111000001103,diaglyk 80mg tablets (ashbourne pharmaceuticals ltd),49111000001103
868111000001101,vivazide 80mg tablets (lexon (uk) ltd),868111000001101
61911000001108,glimil 80mg tablets (milpharm ltd),61911000001108
13456711000001106,nazdol mr 30mg tablets (consilient health ltd),13456711000001106
15100511000001103,nazdol mr 30mg tablets (mylan),15100511000001103
15100211000001101,nazdol mr 30mg tablets (teva uk ltd),15100211000001101
15334511000001109,edicil mr 30mg tablets (teva uk ltd),15334511000001109
16536211000001102,dacadis mr 30mg tablets (mylan),16536211000001102
16677511000001108,zicron 40mg tablets (bristol laboratories ltd),16677511000001108
33766211000001100,zicron pr 30mg tablets (bristol laboratories ltd),33766211000001100
18678711000001108,vitile xl 30mg tablets (actavis uk ltd),18678711000001108
22225011000001109,laaglyda mr 60mg tablets (consilient health ltd),22225011000001109
27957011000001101,ziclaseg 30mg modified-release tablets (lupin healthcare (uk) ltd),27957011000001101
28420711000001107,vamju 30mg modified-release tablets (advanz pharma),28420711000001107
28420911000001109,vamju 60mg modified-release tablets (advanz pharma),28420911000001109
30982411000001107,bilxona 30mg modified-release tablets (accord healthcare ltd),30982411000001107
30983711000001109,bilxona 60mg modified-release tablets (actavis uk ltd),30983711000001109
37618711000001109,bilxona 60mg modified-release tablets (accord healthcare ltd),37618711000001109
36910511000001100,glydex 160mg tablets (medreich plc),36910511000001100
38018211000001100,lamzarin 30mg modified-release tablets (key pharmaceuticals ltd),38018211000001100
38018511000001102,lamzarin 60mg modified-release tablets (key pharmaceuticals ltd),38018511000001102
129411000001101,glipizide 5mg tablets (pfizer ltd),129411000001101
464111000001100,glipizide 5mg tablets (mylan),464111000001100
697811000001104,glipizide 5mg tablets (ivax pharmaceuticals uk ltd),697811000001104
698511000001103,glipizide 5mg tablets (sandoz ltd),698511000001103
731211000001105,glipizide 5mg tablets (a a h pharmaceuticals ltd),731211000001105
756411000001104,glipizide 5mg tablets (actavis uk ltd),756411000001104
788811000001108,glipizide 5mg tablets (alliance healthcare (distribution) ltd),788811000001108
811811000001103,glipizide 5mg tablets (kent pharmaceuticals ltd),811811000001103
9745811000001100,glipizide 5mg tablets (teva uk ltd),9745811000001100
13578511000001105,glipizide 5mg tablets (de pharmaceuticals),13578511000001105
17918011000001108,glipizide 5mg tablets (phoenix healthcare distribution ltd),17918011000001108
19818611000001102,glipizide 5mg tablets (almus pharmaceuticals ltd),19818611000001102
22028411000001100,glipizide 5mg tablets (waymade healthcare plc),22028411000001100
29870011000001101,glipizide 5mg tablets (sigma pharmaceuticals plc),29870011000001101
30204011000001106,glipizide 5mg tablets (mawdsley-brooks & company ltd),30204011000001106
515111000001108,glibenese 5mg tablets (pfizer ltd),515111000001108
808711000001104,minodiab 2.5mg tablets (pfizer ltd),808711000001104
652411000001107,minodiab 5mg tablets (pfizer ltd),652411000001107
3763311000001102,glurenorm 30mg tablets (sanofi),3763311000001102
147811000001105,tolbutamide 500mg tablets (kent pharmaceuticals ltd),147811000001105
393311000001107,tolbutamide 500mg tablets (alliance healthcare (distribution) ltd),393311000001107
450011000001104,tolbutamide 500mg tablets (a a h pharmaceuticals ltd),450011000001104
639511000001103,tolbutamide 500mg tablets (teva uk ltd),639511000001103
864711000001108,tolbutamide 500mg tablets (actavis uk ltd),864711000001108
4470711000001109,tolbutamide 500mg tablets (mylan),4470711000001109
9801011000001101,tolbutamide 500mg tablets (almus pharmaceuticals ltd),9801011000001101
17205711000001104,tolbutamide 500mg tablets (sovereign medical ltd),17205711000001104
17821311000001104,tolbutamide 500mg tablets (phoenix healthcare distribution ltd),17821311000001104
21884111000001108,tolbutamide 500mg tablets (waymade healthcare plc),21884111000001108
27117211000001103,tolbutamide 500mg tablets (genesis pharmaceuticals ltd),27117211000001103
30100711000001104,tolbutamide 500mg tablets (de pharmaceuticals),30100711000001104
8712011000001107,tolbutamide 500mg/5ml oral suspension (special order),8712011000001107
13318011000001109,tolbutamide 250mg/5ml oral suspension (special order),13318011000001109
13317511000001100,tolbutamide 1g/5ml oral suspension (special order),13317511000001100
18309611000001107,acarbose 50mg tablets (a a h pharmaceuticals ltd),18309611000001107
18624811000001107,acarbose 50mg tablets (phoenix healthcare distribution ltd),18624811000001107
19489311000001108,acarbose 50mg tablets (alliance healthcare (distribution) ltd),19489311000001108
19700511000001104,acarbose 50mg tablets (de pharmaceuticals),19700511000001104
21027911000001106,acarbose 50mg tablets (arrow generics ltd),21027911000001106
21111411000001109,acarbose 50mg tablets (actavis uk ltd),21111411000001109
21734711000001103,acarbose 50mg tablets (waymade healthcare plc),21734711000001103
24130611000001101,acarbose 50mg tablets (morningside healthcare ltd),24130611000001101
29754711000001105,acarbose 50mg tablets (sigma pharmaceuticals plc),29754711000001105
29988711000001100,acarbose 50mg tablets (mawdsley-brooks & company ltd),29988711000001100
33549511000001101,acarbose 50mg tablets (mylan),33549511000001101
38292411000001105,acarbose 50mg tablets (rivopharm (uk) ltd),38292411000001105
18309811000001106,acarbose 100mg tablets (a a h pharmaceuticals ltd),18309811000001106
18624411000001105,acarbose 100mg tablets (phoenix healthcare distribution ltd),18624411000001105
19489511000001102,acarbose 100mg tablets (alliance healthcare (distribution) ltd),19489511000001102
19700011000001107,acarbose 100mg tablets (de pharmaceuticals),19700011000001107
21028111000001109,acarbose 100mg tablets (arrow generics ltd),21028111000001109
21112511000001100,acarbose 100mg tablets (actavis uk ltd),21112511000001100
21735211000001106,acarbose 100mg tablets (waymade healthcare plc),21735211000001106
24130811000001102,acarbose 100mg tablets (morningside healthcare ltd),24130811000001102
29754211000001103,acarbose 100mg tablets (sigma pharmaceuticals plc),29754211000001103
29988911000001103,acarbose 100mg tablets (mawdsley-brooks & company ltd),29988911000001103
33549711000001106,acarbose 100mg tablets (mylan),33549711000001106
38293311000001108,acarbose 100mg tablets (rivopharm (uk) ltd),38293311000001108
781411000001104,glucobay 50mg tablets (bayer plc),781411000001104
444311000001106,glucobay 100mg tablets (bayer plc),444311000001106
13411611000001100,galvus 50mg tablets (novartis pharmaceuticals uk ltd),13411611000001100
15858611000001101,victoza 6mg/ml solution for injection 3ml pre-filled pens (novo nordisk ltd),15858611000001101
33747711000001102,saxenda 6mg/ml solution for injection 3ml pre-filled pens (novo nordisk ltd),33747711000001102
15993011000001101,onglyza 5mg tablets (astrazeneca uk ltd),15993011000001101
18596311000001108,onglyza 2.5mg tablets (astrazeneca uk ltd),18596311000001108
17060511000001108,janumet 50mg/1000mg tablets (merck sharp & dohme ltd),17060511000001108
19492811000001108,trajenta 5mg tablets (boehringer ingelheim ltd),19492811000001108
21208211000001100,jentadueto 2.5mg/850mg tablets (boehringer ingelheim ltd),21208211000001100
21208511000001102,jentadueto 2.5mg/1000mg tablets (boehringer ingelheim ltd),21208511000001102
21609511000001105,forxiga 5mg tablets (astrazeneca uk ltd),21609511000001105
21609811000001108,forxiga 10mg tablets (astrazeneca uk ltd),21609811000001108
21705311000001107,komboglyze 2.5mg/850mg tablets (astrazeneca uk ltd),21705311000001107
21705611000001102,komboglyze 2.5mg/1000mg tablets (astrazeneca uk ltd),21705611000001102
21941011000001105,lyxumia 20micrograms/0.2ml solution for injection 3ml pre-filled pens (sanofi),21941011000001105
21941511000001102,lyxumia 10micrograms/0.2ml solution for injection 3ml pre-filled pens (sanofi),21941511000001102
21953711000001106,lyxumia 10micrograms/20micrograms treatment initiation pack (sanofi),21953711000001106
23632611000001103,vipdomet 12.5mg/1000mg tablets (takeda uk ltd),23632611000001103
23634111000001103,vipidia 6.25mg tablets (takeda uk ltd),23634111000001103
23636011000001109,vipidia 12.5mg tablets (takeda uk ltd),23636011000001109
23636311000001107,vipidia 25mg tablets (takeda uk ltd),23636311000001107
24018111000001106,xigduo 5mg/850mg tablets (astrazeneca uk ltd),24018111000001106
24018511000001102,xigduo 5mg/1000mg tablets (astrazeneca uk ltd),24018511000001102
24088611000001101,invokana 100mg tablets (napp pharmaceuticals ltd),24088611000001101
24088311000001106,invokana 300mg tablets (napp pharmaceuticals ltd),24088311000001106
25238811000001107,jardiance 10mg tablets (boehringer ingelheim ltd),25238811000001107
25239711000001108,jardiance 25mg tablets (boehringer ingelheim ltd),25239711000001108
28022511000001109,vokanamet 50mg/850mg tablets (napp pharmaceuticals ltd),28022511000001109
28024411000001103,vokanamet 50mg/1000mg tablets (napp pharmaceuticals ltd),28024411000001103
28461011000001109,trulicity 0.75mg/0.5ml solution for injection pre-filled pens (eli lilly and company ltd),28461011000001109
28462311000001103,trulicity 1.5mg/0.5ml solution for injection pre-filled pens (eli lilly and company ltd),28462311000001103
30173411000001107,synjardy 5mg/850mg tablets (boehringer ingelheim ltd),30173411000001107
30174111000001100,synjardy 5mg/1000mg tablets (boehringer ingelheim ltd),30174111000001100
30175011000001102,synjardy 12.5mg/850mg tablets (boehringer ingelheim ltd),30175011000001102
30175711000001100,synjardy 12.5mg/1000mg tablets (boehringer ingelheim ltd),30175711000001100
31014311000001106,eperzan 30mg powder and solvent for solution for injection pre-filled pens (glaxosmithkline uk ltd),31014311000001106
31014611000001101,eperzan 50mg powder and solvent for solution for injection pre-filled pens (glaxosmithkline uk ltd),31014611000001101
28054311000001106,xultophy 100units/ml / 3.6mg/ml solution for injection 3ml pre-filled pens (novo nordisk ltd),28054311000001106
33682311000001103,qtern 5mg/10mg tablets (astrazeneca uk ltd),33682311000001103
36470811000001107,ozempic 0.25mg/0.19ml solution for injection 1.5ml pre-filled pens (novo nordisk ltd),36470811000001107
36471111000001106,ozempic 0.5mg/0.37ml solution for injection 1.5ml pre-filled pens (novo nordisk ltd),36471111000001106
36471411000001101,ozempic 1mg/0.74ml solution for injection 3ml pre-filled pens (novo nordisk ltd),36471411000001101
36514811000001101,steglatro 5mg tablets (merck sharp & dohme ltd),36514811000001101
36515111000001107,steglatro 15mg tablets (merck sharp & dohme ltd),36515111000001107
37225211000001100,glyxambi 10mg/5mg tablets (boehringer ingelheim ltd),37225211000001100
37225511000001102,glyxambi 25mg/5mg tablets (boehringer ingelheim ltd),37225511000001102
19361311000001103,pioglitazone 15mg tablets (a a h pharmaceuticals ltd),19361311000001103
19469211000001102,pioglitazone 15mg tablets (alliance healthcare (distribution) ltd),19469211000001102
19476211000001103,pioglitazone 15mg tablets (consilient health ltd),19476211000001103
19592911000001108,pioglitazone 15mg tablets (dr reddy's laboratories (uk) ltd),19592911000001108
20319611000001106,pioglitazone 15mg tablets (sandoz ltd),20319611000001106
20357411000001107,pioglitazone 15mg tablets (actavis uk ltd),20357411000001107
20916911000001104,pioglitazone 15mg tablets (zentiva),20916911000001104
21763311000001107,pioglitazone 15mg tablets (teva uk ltd),21763311000001107
21848111000001107,pioglitazone 15mg tablets (waymade healthcare plc),21848111000001107
22949011000001105,pioglitazone 15mg tablets (ranbaxy (uk) ltd),22949011000001105
23487411000001107,pioglitazone 15mg tablets (accord healthcare ltd),23487411000001107
24137211000001104,pioglitazone 15mg tablets (morningside healthcare ltd),24137211000001104
29985811000001104,pioglitazone 15mg tablets (sigma pharmaceuticals plc),29985811000001104
30077211000001109,pioglitazone 15mg tablets (de pharmaceuticals),30077211000001109
30857011000001100,pioglitazone 15mg tablets (mawdsley-brooks & company ltd),30857011000001100
32492811000001102,pioglitazone 15mg tablets (brown & burk uk ltd),32492811000001102
33599111000001102,pioglitazone 15mg tablets (mylan),33599111000001102
36856611000001103,pioglitazone 15mg tablets (torrent pharma (uk) ltd),36856611000001103
19361511000001109,pioglitazone 30mg tablets (a a h pharmaceuticals ltd),19361511000001109
19469411000001103,pioglitazone 30mg tablets (alliance healthcare (distribution) ltd),19469411000001103
19476411000001104,pioglitazone 30mg tablets (consilient health ltd),19476411000001104
19593111000001104,pioglitazone 30mg tablets (dr reddy's laboratories (uk) ltd),19593111000001104
20320211000001108,pioglitazone 30mg tablets (sandoz ltd),20320211000001108
20357611000001105,pioglitazone 30mg tablets (actavis uk ltd),20357611000001105
20917111000001104,pioglitazone 30mg tablets (zentiva),20917111000001104
21764211000001101,pioglitazone 30mg tablets (teva uk ltd),21764211000001101
21848311000001109,pioglitazone 30mg tablets (waymade healthcare plc),21848311000001109
22949311000001108,pioglitazone 30mg tablets (ranbaxy (uk) ltd),22949311000001108
23487611000001105,pioglitazone 30mg tablets (accord healthcare ltd),23487611000001105
24134911000001102,pioglitazone 30mg tablets (morningside healthcare ltd),24134911000001102
29986011000001101,pioglitazone 30mg tablets (sigma pharmaceuticals plc),29986011000001101
30112111000001103,pioglitazone 30mg tablets (de pharmaceuticals),30112111000001103
30857211000001105,pioglitazone 30mg tablets (mawdsley-brooks & company ltd),30857211000001105
32493011000001104,pioglitazone 30mg tablets (brown & burk uk ltd),32493011000001104
33598911000001107,pioglitazone 30mg tablets (mylan),33598911000001107
36857111000001109,pioglitazone 30mg tablets (torrent pharma (uk) ltd),36857111000001109
19469611000001100,pioglitazone 45mg tablets (alliance healthcare (distribution) ltd),19469611000001100
19473511000001108,pioglitazone 45mg tablets (a a h pharmaceuticals ltd),19473511000001108
19476611000001101,pioglitazone 45mg tablets (consilient health ltd),19476611000001101
19593311000001102,pioglitazone 45mg tablets (dr reddy's laboratories (uk) ltd),19593311000001102
20320611000001105,pioglitazone 45mg tablets (sandoz ltd),20320611000001105
20357811000001109,pioglitazone 45mg tablets (actavis uk ltd),20357811000001109
20917311000001102,pioglitazone 45mg tablets (zentiva),20917311000001102
21764511000001103,pioglitazone 45mg tablets (teva uk ltd),21764511000001103
21848511000001103,pioglitazone 45mg tablets (waymade healthcare plc),21848511000001103
22949511000001102,pioglitazone 45mg tablets (ranbaxy (uk) ltd),22949511000001102
23487811000001109,pioglitazone 45mg tablets (accord healthcare ltd),23487811000001109
24135111000001101,pioglitazone 45mg tablets (morningside healthcare ltd),24135111000001101
29986211000001106,pioglitazone 45mg tablets (sigma pharmaceuticals plc),29986211000001106
30112311000001101,pioglitazone 45mg tablets (de pharmaceuticals),30112311000001101
30857411000001109,pioglitazone 45mg tablets (mawdsley-brooks & company ltd),30857411000001109
32493211000001109,pioglitazone 45mg tablets (brown & burk uk ltd),32493211000001109
33598711000001105,pioglitazone 45mg tablets (mylan),33598711000001105
36857411000001104,pioglitazone 45mg tablets (torrent pharma (uk) ltd),36857411000001104
13435011000001104,pioglitazone 30mg/5ml oral suspension (special order),13435011000001104
16007611000001109,pioglitazone 15mg/5ml oral suspension (special order),16007611000001109
18567011000001105,pioglitazone 45mg/5ml oral suspension (special order),18567011000001105
58011000001106,actos 15mg tablets (takeda uk ltd),58011000001106
446711000001101,actos 30mg tablets (takeda uk ltd),446711000001101
5199411000001105,actos 45mg tablets (takeda uk ltd),5199411000001105
19957811000001101,glizofar 15mg tablets (teva uk ltd),19957811000001101
19958011000001108,glizofar 30mg tablets (teva uk ltd),19958011000001108
19958211000001103,glizofar 45mg tablets (teva uk ltd),19958211000001103
20022911000001104,glizofar 15mg tablets (arrow generics ltd),20022911000001104
20023111000001108,glizofar 30mg tablets (arrow generics ltd),20023111000001108
20023411000001103,glizofar 45mg tablets (arrow generics ltd),20023411000001103
23369611000001106,glidipion 30mg tablets (actavis uk ltd),23369611000001106
23372211000001107,glidipion 45mg tablets (actavis uk ltd),23372211000001107
28940811000001104,glidipion 15mg tablets (actavis uk ltd),28940811000001104
29742811000001105,diabiom 15mg tablets (tillomed laboratories ltd),29742811000001105
29743011000001108,diabiom 30mg tablets (tillomed laboratories ltd),29743011000001108
29743211000001103,diabiom 45mg tablets (tillomed laboratories ltd),29743211000001103
4667411000001106,guarem 5g granules sachets (shire pharmaceuticals ltd),4667411000001106
19179211000001108,repaglinide 500microgram tablets (teva uk ltd),19179211000001108
19277111000001106,repaglinide 500microgram tablets (aspire pharma ltd),19277111000001106
19299911000001107,repaglinide 500microgram tablets (actavis uk ltd),19299911000001107
19360311000001108,repaglinide 500microgram tablets (alliance healthcare (distribution) ltd),19360311000001108
19361711000001104,repaglinide 500microgram tablets (a a h pharmaceuticals ltd),19361711000001104
20566211000001103,repaglinide 500microgram tablets (creo pharma ltd),20566211000001103
20773611000001101,repaglinide 500microgram tablets (accord healthcare ltd),20773611000001101
21880011000001100,repaglinide 500microgram tablets (waymade healthcare plc),21880011000001100
30829111000001109,repaglinide 500microgram tablets (de pharmaceuticals),30829111000001109
30875411000001101,repaglinide 500microgram tablets (mawdsley-brooks & company ltd),30875411000001101
33613711000001105,repaglinide 500microgram tablets (mylan),33613711000001105
19179511000001106,repaglinide 1mg tablets (teva uk ltd),19179511000001106
19276911000001106,repaglinide 1mg tablets (aspire pharma ltd),19276911000001106
19300511000001103,repaglinide 1mg tablets (actavis uk ltd),19300511000001103
19360811000001104,repaglinide 1mg tablets (alliance healthcare (distribution) ltd),19360811000001104
19362011000001109,repaglinide 1mg tablets (a a h pharmaceuticals ltd),19362011000001109
20566511000001100,repaglinide 1mg tablets (creo pharma ltd),20566511000001100
20777611000001109,repaglinide 1mg tablets (accord healthcare ltd),20777611000001109
21880311000001102,repaglinide 1mg tablets (waymade healthcare plc),21880311000001102
30088811000001104,repaglinide 1mg tablets (de pharmaceuticals),30088811000001104
30875711000001107,repaglinide 1mg tablets (mawdsley-brooks & company ltd),30875711000001107
33614311000001108,repaglinide 1mg tablets (mylan),33614311000001108
38190911000001103,repaglinide 1mg tablets (rivopharm (uk) ltd),38190911000001103
19179811000001109,repaglinide 2mg tablets (teva uk ltd),19179811000001109
19276711000001109,repaglinide 2mg tablets (aspire pharma ltd),19276711000001109
19300811000001100,repaglinide 2mg tablets (actavis uk ltd),19300811000001100
19361111000001100,repaglinide 2mg tablets (alliance healthcare (distribution) ltd),19361111000001100
19362311000001107,repaglinide 2mg tablets (a a h pharmaceuticals ltd),19362311000001107
20566811000001102,repaglinide 2mg tablets (creo pharma ltd),20566811000001102
20778911000001102,repaglinide 2mg tablets (accord healthcare ltd),20778911000001102
21880611000001107,repaglinide 2mg tablets (waymade healthcare plc),21880611000001107
30089311000001102,repaglinide 2mg tablets (de pharmaceuticals),30089311000001102
30876011000001101,repaglinide 2mg tablets (mawdsley-brooks & company ltd),30876011000001101
33619611000001104,repaglinide 2mg tablets (mylan),33619611000001104
38191211000001101,repaglinide 2mg tablets (rivopharm (uk) ltd),38191211000001101
152311000001101,novonorm 500microgram tablets (novo nordisk ltd),152311000001101
494111000001103,novonorm 1mg tablets (novo nordisk ltd),494111000001103
840811000001100,novonorm 2mg tablets (novo nordisk ltd),840811000001100
10952411000001100,prandin 0.5mg tablets (novo nordisk ltd),10952411000001100
10956911000001107,prandin 1mg tablets (novo nordisk ltd),10956911000001107
10957811000001100,prandin 2mg tablets (novo nordisk ltd),10957811000001100
19306711000001106,enyglid 0.5mg tablets (consilient health ltd),19306711000001106
19306911000001108,enyglid 1mg tablets (consilient health ltd),19306911000001108
19307311000001105,enyglid 2mg tablets (consilient health ltd),19307311000001105
922211000001106,avandia 4mg tablets (glaxosmithkline uk ltd),922211000001106
270611000001105,avandia 8mg tablets (glaxosmithkline uk ltd),270611000001105
3650611000001102,starlix 60mg tablets (novartis pharmaceuticals uk ltd),3650611000001102
3651211000001105,starlix 120mg tablets (novartis pharmaceuticals uk ltd),3651211000001105
3883511000001107,starlix 180mg tablets (novartis pharmaceuticals uk ltd),3883511000001107
5302911000001102,avandamet 1mg/500mg tablets (glaxosmithkline uk ltd),5302911000001102
5303611000001103,avandamet 2mg/500mg tablets (glaxosmithkline uk ltd),5303611000001103
8174611000001109,avandamet 4mg/1000mg tablets (glaxosmithkline uk ltd),8174611000001109
8176311000001105,avandamet 2mg/1000mg tablets (glaxosmithkline uk ltd),8176311000001105
35653211000001103,pioglitazone 15mg / metformin 850mg tablets (teva uk ltd),35653211000001103
35672911000001103,pioglitazone 15mg / metformin 850mg tablets (a a h pharmaceuticals ltd),35672911000001103
36468511000001101,pioglitazone 15mg / metformin 850mg tablets (alliance healthcare (distribution) ltd),36468511000001101
36832811000001104,pioglitazone 15mg / metformin 850mg tablets (torrent pharma (uk) ltd),36832811000001104
37775311000001103,pioglitazone 15mg / metformin 850mg tablets (de pharmaceuticals),37775311000001103
10922311000001108,competact 15mg/850mg tablets (takeda uk ltd),10922311000001108
32625911000001109,sitagliptin 50mg/5ml oral solution (special order),32625911000001109
32857511000001104,sitagliptin 50mg/5ml oral suspension (special order),32857511000001104
11473711000001108,januvia 100mg tablets (merck sharp & dohme ltd),11473711000001108
20114811000001100,januvia 50mg tablets (merck sharp & dohme ltd),20114811000001100
20115111000001106,januvia 25mg tablets (merck sharp & dohme ltd),20115111000001106
11494811000001109,byetta 5micrograms/0.02ml solution for injection 1.2ml pre-filled pens (astrazeneca uk ltd),11494811000001109
11494611000001105,byetta 10micrograms/0.04ml solution for injection 2.4ml pre-filled pens (astrazeneca uk ltd),11494611000001105
19274811000001108,bydureon 2mg powder and solvent for prolonged-release suspension for injection vials (astrazeneca uk ltd),19274811000001108
28426011000001108,bydureon 2mg powder and solvent for prolonged-release suspension for injection pre-filled pens (astrazeneca uk ltd),28426011000001108
38060511000001101,bydureon bcise 2mg/0.85ml prolonged-release suspension for injection pre-filled pens (astrazeneca uk ltd),38060511000001101
13412311000001101,eucreas 50mg/1000mg tablets (novartis pharmaceuticals uk ltd),13412311000001101
13412611000001106,eucreas 50mg/850mg tablets (novartis pharmaceuticals uk ltd),13412611000001106
325259007,glimepiride 2mg tablets,325259007
325261003,glimepiride 1mg tablets,325261003
325262005,glimepiride 3mg tablets,325262005
325263000,glimepiride 4mg tablets,325263000
16130611000001107,glimepiride 2mg/5ml oral solution,16130611000001107
16130711000001103,glimepiride 2mg/5ml oral suspension,16130711000001103
21366911000001103,glimepiride 6mg/5ml oral suspension,21366911000001103
325213005,chlorpropamide 100mg tablets,325213005
325214004,chlorpropamide 250mg tablets,325214004
12019111000001108,chlorpropamide 250mg/5ml oral suspension,12019111000001108
325218001,glibenclamide 2.5mg tablets,325218001
325219009,glibenclamide 5mg tablets,325219009
12135711000001107,glibenclamide 625micrograms/5ml oral solution,12135711000001107
12135811000001104,glibenclamide 625micrograms/5ml oral suspension,12135811000001104
8523711000001107,glibenclamide 5mg/5ml oral solution,8523711000001107
8523811000001104,glibenclamide 5mg/5ml oral suspension,8523811000001104
12135511000001102,glibenclamide 2.5mg/5ml oral solution,12135511000001102
12135611000001103,glibenclamide 2.5mg/5ml oral suspension,12135611000001103
12135311000001108,glibenclamide 15mg/5ml oral solution,12135311000001108
12135411000001101,glibenclamide 15mg/5ml oral suspension,12135411000001101
8523911000001109,glibenclamide 7.5mg/5ml oral solution,8523911000001109
8524011000001107,glibenclamide 7.5mg/5ml oral suspension,8524011000001107
37405911000001104,glibenclamide 600micrograms/ml oral suspension sugar free,37405911000001104
37406011000001107,glibenclamide 6mg/ml oral suspension sugar free,37406011000001107
325242002,gliclazide 80mg tablets,325242002
12136411000001105,gliclazide 60mg/5ml oral suspension,12136411000001105
12136211000001106,gliclazide 50mg/5ml oral suspension,12136211000001106
12136011000001101,gliclazide 120mg/5ml oral suspension,12136011000001101
8524111000001108,gliclazide 160mg/5ml oral suspension,8524111000001108
12135911000001109,gliclazide 100mg/5ml oral suspension,12135911000001109
134587001,gliclazide 30mg modified-release tablets,134587001
12136111000001100,gliclazide 20mg/5ml oral suspension,12136111000001100
13466811000001105,gliclazide 30mg/5ml oral suspension,13466811000001105
16702011000001102,gliclazide 40mg tablets,16702011000001102
8524311000001105,gliclazide 80mg/5ml oral suspension,8524311000001105
22226111000001104,gliclazide 60mg modified-release tablets,22226111000001104
8524211000001102,gliclazide 40mg/5ml oral suspension,8524211000001102
36914911000001102,gliclazide 160mg tablets,36914911000001102
325248003,glipizide 2.5mg tablets,325248003
325243007,glipizide 5mg tablets,325243007
325251005,gliquidone 30mg tablets,325251005
325267004,tolbutamide 500mg tablets,325267004
8724011000001106,tolbutamide 500mg/5ml oral suspension,8724011000001106
13324411000001101,tolbutamide 250mg/5ml oral suspension,13324411000001101
13324311000001108,tolbutamide 1g/5ml oral suspension,13324311000001108
326037007,acarbose 50mg tablets,326037007
326038002,acarbose 100mg tablets,326038002
13412911000001100,vildagliptin 50mg tablets,13412911000001100
15859111000001102,liraglutide 6mg/ml solution for injection 3ml pre-filled disposable devices,15859111000001102
443713000,saxagliptin 5mg tablets,443713000
443067000,saxagliptin 2.5mg tablets,443067000
17071811000001108,metformin 1g / sitagliptin 50mg tablets,17071811000001108
19525211000001103,linagliptin 5mg tablets,19525211000001103
21245111000001107,linagliptin 2.5mg / metformin 850mg tablets,21245111000001107
21245011000001106,linagliptin 2.5mg / metformin 1g tablets,21245011000001106
703679006,dapagliflozin 5mg tablets,703679006
703680009,dapagliflozin 10mg tablets,703680009
21711511000001101,saxagliptin 2.5mg / metformin 850mg tablets,21711511000001101
21711411000001100,saxagliptin 2.5mg / metformin 1g tablets,21711411000001100
21994811000001105,lixisenatide 20micrograms/0.2ml solution for injection 3ml pre-filled disposable devices,21994811000001105
21994611000001106,lixisenatide 10micrograms/0.2ml solution for injection 3ml pre-filled disposable devices,21994611000001106
21994711000001102,lixisenatide 10micrograms/0.2ml solution for injection 3ml pre-filled disposable devices and lixisenatide 20micrograms/0.2ml solution for injection 3ml pre-filled disposable devices,21994711000001102
23637211000001102,alogliptin 12.5mg / metformin 1g tablets,23637211000001102
23637511000001104,alogliptin 6.25mg tablets,23637511000001104
23637311000001105,alogliptin 12.5mg tablets,23637311000001105
23637411000001103,alogliptin 25mg tablets,23637411000001103
24054711000001109,dapagliflozin 5mg / metformin 850mg tablets,24054711000001109
24054611000001100,dapagliflozin 5mg / metformin 1g tablets,24054611000001100
703682001,canagliflozin 100mg tablets,703682001
24104511000001103,canagliflozin 300mg tablets,24104511000001103
25290511000001101,empagliflozin 10mg tablets,25290511000001101
25290611000001102,empagliflozin 25mg tablets,25290611000001102
28049311000001109,canagliflozin 50mg / metformin 850mg tablets,28049311000001109
28049211000001101,canagliflozin 50mg / metformin 1g tablets,28049211000001101
28789611000001108,dulaglutide 0.75mg/0.5ml solution for injection pre-filled disposable devices,28789611000001108
28789711000001104,dulaglutide 1.5mg/0.5ml solution for injection pre-filled disposable devices,28789711000001104
30318411000001104,empagliflozin 5mg / metformin 850mg tablets,30318411000001104
30318311000001106,empagliflozin 5mg / metformin 1g tablets,30318311000001106
30318211000001103,empagliflozin 12.5mg / metformin 850mg tablets,30318211000001103
30318111000001109,empagliflozin 12.5mg / metformin 1g tablets,30318111000001109
31015711000001109,albiglutide 30mg powder and solvent for solution for injection pre-filled disposable devices,31015711000001109
31015811000001101,albiglutide 50mg powder and solvent for solution for injection pre-filled disposable devices,31015811000001101
28279611000001109,insulin degludec 100units/ml / liraglutide 3.6mg/ml solution for injection 3ml pre-filled disposable devices,28279611000001109
33745311000001109,saxagliptin 5mg / dapagliflozin 10mg tablets,33745311000001109
36490911000001109,semaglutide 0.25mg/0.19ml solution for injection 1.5ml pre-filled disposable device,36490911000001109
36491011000001101,semaglutide 0.5mg/0.37ml solution for injection 1.5ml pre-filled disposable device,36491011000001101
36491111000001100,semaglutide 1mg/0.74ml solution for injection 3ml pre-filled disposable device,36491111000001100
36529511000001109,ertugliflozin 5mg tablets,36529511000001109
36529411000001105,ertugliflozin 15mg tablets,36529411000001105
37280311000001109,empagliflozin 10mg / linagliptin 5mg tablets,37280311000001109
37280511000001103,empagliflozin 25mg / linagliptin 5mg tablets,37280511000001103
326062007,pioglitazone 15mg tablets,326062007
326061000,pioglitazone 30mg tablets,326061000
374897009,pioglitazone 45mg tablets,374897009
13440011000001109,pioglitazone 30mg/5ml oral suspension,13440011000001109
16036811000001104,pioglitazone 15mg/5ml oral suspension,16036811000001104
18595311000001103,pioglitazone 45mg/5ml oral suspension,18595311000001103
325287003,guar gum 5g granules sachets sugar free,325287003
326047005,repaglinide 500microgram tablets,326047005
326048000,repaglinide 1mg tablets,326048000
326049008,repaglinide 2mg tablets,326049008
326057006,rosiglitazone 4mg tablets,326057006
326056002,rosiglitazone 8mg tablets,326056002
134610002,nateglinide 60mg tablets,134610002
134609007,nateglinide 120mg tablets,134609007
134608004,nateglinide 180mg tablets,134608004
409121008,rosiglitazone 1mg / metformin 500mg tablets,409121008
409122001,rosiglitazone 2mg / metformin 500mg tablets,409122001
409125004,rosiglitazone 4mg / metformin 1g tablets,409125004
409124000,rosiglitazone 2mg / metformin 1g tablets,409124000
419873003,pioglitazone 15mg / metformin 850mg tablets,419873003
424345005,sitagliptin 100mg tablets,424345005
424513004,sitagliptin 50mg tablets,424513004
423962004,sitagliptin 25mg tablets,423962004
32638311000001101,sitagliptin 50mg/5ml oral solution,32638311000001101
32879911000001101,sitagliptin 50mg/5ml oral suspension,32879911000001101
11494211000001108,exenatide 5micrograms/0.02ml solution for injection 1.2ml pre-filled disposable devices,11494211000001108
11494111000001102,exenatide 10micrograms/0.04ml solution for injection 2.4ml pre-filled disposable devices,11494111000001102
19275411000001107,exenatide 2mg powder and solvent for prolonged-release suspension for injection vials,19275411000001107
28440211000001102,exenatide 2mg powder and solvent for prolonged-release suspension for injection pre-filled disposable devices,28440211000001102
38082811000001104,exenatide 2mg/0.85ml prolonged-release suspension for injection pre-filled disposable devices,38082811000001104
13413011000001108,vildagliptin 50mg / metformin 1g tablets,13413011000001108
13413111000001109,vildagliptin 50mg / metformin 850mg tablets,13413111000001109
10925511000001108,VMP previous to 419873003,10925511000001108
11473511000001103,VMP previous to 424345005,11473511000001103
16037911000001107,VMP previous to 443713000,16037911000001107
21635011000001107,VMP previous to 703680009,21635011000001107
21635211000001102,VMP previous to 703679006,21635211000001102
24104411000001102,VMP previous to 703682001,24104411000001102
5211211000001108,VMP previous to 374897009,5211211000001108
5322611000001103,VMP previous to 409121008,5322611000001103
5322711000001107,VMP previous to 409122001,5322711000001107
8175511000001106,VMP previous to 409125004,8175511000001106
8285611000001103,VMP previous to 409124000,8285611000001103
38896211000001104,VMP subsequent to 134587001,38896211000001104
39689811000001104,VMP subsequent to 703680009,39689811000001104
39689911000001109,VMP subsequent to 703679006,39689911000001109
39703811000001106,VMP subsequent to 443067000,39703811000001106
39703911000001101,VMP subsequent to 443713000,39703911000001101
39734511000001100,VMP subsequent to 703682001,39734511000001100
42012711000001100,VMP subsequent to 325287003,42012711000001100
42080211000001108,VMP subsequent to 326038002,42080211000001108
42080311000001100,VMP subsequent to 326037007,42080311000001100
42081111000001108,VMP subsequent to 325213005,42081111000001108
42081211000001102,VMP subsequent to 325214004,42081211000001102
42082711000001102,VMP subsequent to 325218001,42082711000001102
42082811000001105,VMP subsequent to 325219009,42082811000001105
42082911000001100,VMP subsequent to 325242002,42082911000001100
42083011000001108,VMP subsequent to 325261003,42083011000001108
42083111000001109,VMP subsequent to 325259007,42083111000001109
42083211000001103,VMP subsequent to 325262005,42083211000001103
42083311000001106,VMP subsequent to 325263000,42083311000001106
42083411000001104,VMP subsequent to 325248003,42083411000001104
42083511000001100,VMP subsequent to 325243007,42083511000001100
42083611000001101,VMP subsequent to 325251005,42083611000001101
42085711000001106,VMP subsequent to 134609007,42085711000001106
42085811000001103,VMP subsequent to 134608004,42085811000001103
42085911000001108,VMP subsequent to 134610002,42085911000001108
42086111000001104,VMP subsequent to 419873003,42086111000001104
42086211000001105,VMP subsequent to 326062007,42086211000001105
42086311000001102,VMP subsequent to 326061000,42086311000001102
42086411000001109,VMP subsequent to 374897009,42086411000001109
42088111000001100,VMP subsequent to 326048000,42088111000001100
42088211000001106,VMP subsequent to 326049008,42088211000001106
42088311000001103,VMP subsequent to 326047005,42088311000001103
42088711000001104,VMP subsequent to 409121008,42088711000001104
42088811000001107,VMP subsequent to 409124000,42088811000001107
42088911000001102,VMP subsequent to 409122001,42088911000001102
42089011000001106,VMP subsequent to 409125004,42089011000001106
42089111000001107,VMP subsequent to 326057006,42089111000001107
42089211000001101,VMP subsequent to 326056002,42089211000001101
42089711000001108,VMP subsequent to 424345005,42089711000001108
42089811000001100,VMP subsequent to 423962004,42089811000001100
42089911000001105,VMP subsequent to 424513004,42089911000001105
42090611000001109,VMP subsequent to 325267004,42090611000001109
